-- MySQL dump 10.13  Distrib 8.0.30, for Win64 (x86_64)
--
-- Host: 127.0.0.1    Database: e_commerce_db
-- ------------------------------------------------------
-- Server version	8.0.30

/*!40101 SET @OLD_CHARACTER_SET_CLIENT=@@CHARACTER_SET_CLIENT */;
/*!40101 SET @OLD_CHARACTER_SET_RESULTS=@@CHARACTER_SET_RESULTS */;
/*!40101 SET @OLD_COLLATION_CONNECTION=@@COLLATION_CONNECTION */;
/*!50503 SET NAMES utf8 */;
/*!40103 SET @OLD_TIME_ZONE=@@TIME_ZONE */;
/*!40103 SET TIME_ZONE='+00:00' */;
/*!40014 SET @OLD_UNIQUE_CHECKS=@@UNIQUE_CHECKS, UNIQUE_CHECKS=0 */;
/*!40014 SET @OLD_FOREIGN_KEY_CHECKS=@@FOREIGN_KEY_CHECKS, FOREIGN_KEY_CHECKS=0 */;
/*!40101 SET @OLD_SQL_MODE=@@SQL_MODE, SQL_MODE='NO_AUTO_VALUE_ON_ZERO' */;
/*!40111 SET @OLD_SQL_NOTES=@@SQL_NOTES, SQL_NOTES=0 */;

--
-- Table structure for table `category`
--

DROP TABLE IF EXISTS `category`;
/*!40101 SET @saved_cs_client     = @@character_set_client */;
/*!50503 SET character_set_client = utf8mb4 */;
CREATE TABLE `category` (
  `category_id` int DEFAULT NULL,
  `vertical` text,
  `category` text
) ENGINE=InnoDB DEFAULT CHARSET=utf8mb4 COLLATE=utf8mb4_0900_ai_ci;
/*!40101 SET character_set_client = @saved_cs_client */;

--
-- Dumping data for table `category`
--

LOCK TABLES `category` WRITE;
/*!40000 ALTER TABLE `category` DISABLE KEYS */;
INSERT INTO `category` VALUES (1,'Furniture','Bookcases'),(2,'Clothing','Stole'),(3,'Clothing','Hankerchief'),(4,'Electronics','Electronic Games'),(5,'Electronics','Phones'),(8,'Clothing','Saree'),(10,'Clothing','Trousers'),(11,'Furniture','Chairs'),(17,'Clothing','Kurti'),(18,'Clothing','T-shirt'),(21,'Clothing','Shirt'),(22,'Clothing','Leggings'),(23,'Furniture','Tables'),(26,'Electronics','Printers'),(31,'Electronics','Accessories'),(34,'Furniture','Furnishings'),(65,'Clothing','Skirt');
/*!40000 ALTER TABLE `category` ENABLE KEYS */;
UNLOCK TABLES;

--
-- Table structure for table `order_details`
--

DROP TABLE IF EXISTS `order_details`;
/*!40101 SET @saved_cs_client     = @@character_set_client */;
/*!50503 SET character_set_client = utf8mb4 */;
CREATE TABLE `order_details` (
  `order_id` text,
  `amount` double DEFAULT NULL,
  `profit` double DEFAULT NULL,
  `quantity` int DEFAULT NULL,
  `category_id` int DEFAULT NULL
) ENGINE=InnoDB DEFAULT CHARSET=utf8mb4 COLLATE=utf8mb4_0900_ai_ci;
/*!40101 SET character_set_client = @saved_cs_client */;

--
-- Dumping data for table `order_details`
--

LOCK TABLES `order_details` WRITE;
/*!40000 ALTER TABLE `order_details` DISABLE KEYS */;
INSERT INTO `order_details` VALUES ('B-25601',1275,-1148,7,1),('B-25614',494,54,4,1),('B-25618',362,127,1,1),('B-25638',182,-11,3,1),('B-25643',1061,-36,8,1),('B-25651',200,-60,4,1),('B-25664',83,-48,1,1),('B-25667',516,69,4,1),('B-25670',656,-36,2,1),('B-25718',371,115,1,1),('B-25718',460,31,3,1),('B-25724',168,-51,2,1),('B-25726',490,-128,8,1),('B-25745',670,15,5,1),('B-25747',877,395,2,1),('B-25749',1052,-82,3,1),('B-25750',73,-31,1,1),('B-25752',1361,197,9,1),('B-25755',257,-3,2,1),('B-25755',593,213,4,1),('B-25756',204,-276,3,1),('B-25756',729,-492,5,1),('B-25761',2188,1050,5,1),('B-25770',375,180,3,1),('B-25770',299,113,2,1),('B-25786',1854,433,5,1),('B-25789',313,-13,5,1),('B-25797',148,-101,2,1),('B-25798',2830,-1981,13,1),('B-25832',504,116,3,1),('B-25840',246,61,2,1),('B-25840',298,74,2,1),('B-25851',336,71,3,1),('B-25855',197,73,1,1),('B-25857',598,166,4,1),('B-25858',223,27,2,1),('B-25859',724,253,2,1),('B-25862',2061,701,5,1),('B-25878',741,267,5,1),('B-25885',394,146,2,1),('B-25894',1246,62,3,1),('B-25895',388,93,2,1),('B-25902',268,6,2,1),('B-25904',871,131,2,1),('B-25929',1308,536,3,1),('B-25930',595,119,4,1),('B-25937',1101,352,3,1),('B-25945',245,10,2,1),('B-25951',742,198,2,1),('B-25953',1218,352,9,1),('B-25955',2927,146,8,1),('B-25957',1157,-13,9,1),('B-25960',171,-140,2,1),('B-25961',366,84,3,1),('B-25962',544,-152,3,1),('B-25969',2452,191,7,1),('B-25970',742,198,2,1),('B-25971',244,83,2,1),('B-25974',662,240,2,1),('B-25979',284,45,2,1),('B-25981',245,91,2,1),('B-25983',561,118,5,1),('B-25989',330,81,1,1),('B-25995',1314,342,3,1),('B-25997',2292,127,7,1),('B-26007',311,72,2,1),('B-26023',1117,447,10,1),('B-26033',143,32,1,1),('B-26051',676,195,5,1),('B-26051',669,74,5,1),('B-26053',246,61,2,1),('B-26053',594,89,3,1),('B-26055',1218,420,8,1),('B-26056',213,-145,3,1),('B-26057',659,-37,2,1),('B-26067',618,27,4,1),('B-26076',450,190,4,1),('B-26081',359,-338,5,1),('B-26093',852,51,5,1),('B-25601',66,-12,5,2),('B-25603',116,16,4,2),('B-25603',107,36,6,2),('B-25610',107,-54,4,2),('B-25616',116,-56,5,2),('B-25623',53,1,4,2),('B-25623',158,69,3,2),('B-25623',105,20,2,2),('B-25627',55,-39,4,2),('B-25630',133,12,5,2),('B-25630',40,-7,3,2),('B-25649',27,-25,2,2),('B-25650',28,-26,2,2),('B-25651',44,-8,3,2),('B-25654',105,46,2,2),('B-25656',30,-5,5,2),('B-25670',74,29,3,2),('B-25672',27,-15,1,2),('B-25683',148,52,5,2),('B-25687',17,6,1,2),('B-25689',97,17,2,2),('B-25689',149,36,3,2),('B-25691',75,-25,3,2),('B-25691',17,-9,3,2),('B-25697',67,-42,3,2),('B-25699',49,-31,2,2),('B-25700',44,-32,3,2),('B-25703',17,-3,2,2),('B-25706',31,-11,4,2),('B-25707',8,-6,1,2),('B-25708',81,-51,7,2),('B-25708',32,-8,2,2),('B-25719',29,10,2,2),('B-25722',48,-8,8,2),('B-25723',26,-24,1,2),('B-25723',16,-12,2,2),('B-25725',26,-5,2,2),('B-25730',96,22,5,2),('B-25732',16,-5,2,2),('B-25733',43,-43,7,2),('B-25733',30,-10,2,2),('B-25740',40,-37,3,2),('B-25743',74,-51,3,2),('B-25745',44,-8,3,2),('B-25750',22,-12,3,2),('B-25752',76,27,5,2),('B-25753',77,-43,8,2),('B-25754',93,-65,4,2),('B-25755',80,-19,5,2),('B-25755',47,-3,2,2),('B-25757',53,15,2,2),('B-25757',165,30,3,2),('B-25757',211,19,8,2),('B-25758',8,-2,1,2),('B-25765',139,14,3,2),('B-25775',50,-17,2,2),('B-25781',45,-28,2,2),('B-25783',25,-11,1,2),('B-25786',44,-34,3,2),('B-25788',12,3,1,2),('B-25792',74,-25,3,2),('B-25796',78,-64,7,2),('B-25798',47,-3,2,2),('B-25798',38,-13,3,2),('B-25799',70,-64,5,2),('B-25801',49,-31,2,2),('B-25802',95,5,2,2),('B-25803',185,48,4,2),('B-25807',16,6,1,2),('B-25808',59,21,2,2),('B-25810',92,42,2,2),('B-25815',35,14,2,2),('B-25816',391,113,8,2),('B-25821',60,21,4,2),('B-25825',115,25,6,2),('B-25833',45,16,3,2),('B-25834',16,5,1,2),('B-25835',155,26,3,2),('B-25837',263,50,5,2),('B-25838',161,40,3,2),('B-25843',45,0,2,2),('B-25845',132,54,5,2),('B-25850',148,24,3,2),('B-25852',97,17,2,2),('B-25852',50,16,1,2),('B-25853',199,48,4,2),('B-25854',149,48,6,2),('B-25854',88,16,4,2),('B-25856',74,29,3,2),('B-25861',50,3,2,2),('B-25862',121,41,4,2),('B-25862',80,3,3,2),('B-25863',189,87,7,2),('B-25864',100,6,4,2),('B-25866',51,14,2,2),('B-25867',31,14,3,2),('B-25873',66,12,3,2),('B-25878',140,15,5,2),('B-25880',108,37,2,2),('B-25882',121,19,4,2),('B-25885',349,0,7,2),('B-25886',89,17,2,2),('B-25891',121,41,4,2),('B-25893',355,114,7,2),('B-25893',83,12,3,2),('B-25897',43,5,3,2),('B-25898',147,73,3,2),('B-25905',152,50,6,2),('B-25906',78,27,3,2),('B-25913',103,21,7,2),('B-25914',125,22,3,2),('B-25919',110,12,7,2),('B-25922',52,18,2,2),('B-25925',27,12,1,2),('B-25933',81,-44,3,2),('B-25938',59,25,3,2),('B-25940',55,4,2,2),('B-25943',48,20,4,2),('B-25950',54,27,2,2),('B-25950',133,5,5,2),('B-25951',102,13,2,2),('B-25951',120,23,5,2),('B-25951',89,29,2,2),('B-25953',81,41,3,2),('B-25953',87,36,5,2),('B-25954',44,10,3,2),('B-25955',110,20,5,2),('B-25957',147,73,3,2),('B-25964',199,0,4,2),('B-25970',111,9,4,2),('B-25973',571,108,12,2),('B-25977',27,1,1,2),('B-25977',74,29,3,2),('B-25978',341,160,7,2),('B-25981',48,2,3,2),('B-25984',304,97,6,2),('B-25985',44,11,4,2),('B-25987',299,0,6,2),('B-25989',10,5,1,2),('B-25993',44,8,2,2),('B-25996',47,1,2,2),('B-25999',26,-17,1,2),('B-25999',93,-65,4,2),('B-25999',352,74,8,2),('B-26002',80,22,3,2),('B-26005',87,10,3,2),('B-26008',22,4,1,2),('B-26010',29,3,2,2),('B-26011',93,44,2,2),('B-26021',49,21,1,2),('B-26023',66,22,3,2),('B-26023',59,21,2,2),('B-26024',168,18,6,2),('B-26025',155,5,3,2),('B-26025',32,1,2,2),('B-26030',50,25,5,2),('B-26037',171,68,7,2),('B-26038',52,14,2,2),('B-26040',38,9,2,2),('B-26042',36,15,3,2),('B-26043',185,48,4,2),('B-26043',122,50,7,2),('B-26045',376,0,7,2),('B-26045',27,5,1,2),('B-26050',38,9,2,2),('B-26051',80,22,3,2),('B-26051',216,50,4,2),('B-26052',25,7,2,2),('B-26053',85,2,6,2),('B-26053',162,55,3,2),('B-26054',139,36,3,2),('B-26054',138,11,5,2),('B-26054',156,23,3,2),('B-26055',227,48,5,2),('B-26056',70,24,3,2),('B-26061',109,52,2,2),('B-26062',44,-40,3,2),('B-26062',50,-17,2,2),('B-26062',13,-2,1,2),('B-26065',146,19,5,2),('B-26073',290,110,9,2),('B-26075',34,12,2,2),('B-26076',91,22,2,2),('B-26078',137,63,3,2),('B-26081',79,33,4,2),('B-26082',95,5,2,2),('B-26085',40,17,2,2),('B-26087',40,10,2,2),('B-26087',180,0,8,2),('B-26090',80,22,3,2),('B-26091',158,69,3,2),('B-26094',152,50,6,2),('B-25601',8,-2,3,3),('B-25603',12,1,2,3),('B-25608',257,23,5,3),('B-25615',68,20,5,3),('B-25616',42,12,5,3),('B-25616',22,-2,3,3),('B-25616',14,-2,3,3),('B-25618',12,0,2,3),('B-25624',26,12,3,3),('B-25625',97,29,2,3),('B-25635',40,16,3,3),('B-25638',154,39,3,3),('B-25640',314,-239,13,3),('B-25643',50,-44,2,3),('B-25652',25,-2,5,3),('B-25652',9,-6,2,3),('B-25654',34,12,3,3),('B-25655',44,-26,3,3),('B-25655',7,-4,3,3),('B-25655',6,-3,1,3),('B-25656',6,3,1,3),('B-25656',24,-1,2,3),('B-25656',56,18,2,3),('B-25656',13,-1,3,3),('B-25661',19,-15,3,3),('B-25661',7,-1,2,3),('B-25667',11,-2,4,3),('B-25670',24,1,2,3),('B-25670',14,2,1,3),('B-25693',76,-72,9,3),('B-25698',27,-6,4,3),('B-25698',7,-2,1,3),('B-25700',7,-3,2,3),('B-25701',33,-12,5,3),('B-25703',32,-5,5,3),('B-25703',231,-190,9,3),('B-25711',100,-58,4,3),('B-25714',11,-5,2,3),('B-25725',23,-5,7,3),('B-25730',18,8,2,3),('B-25733',23,-6,4,3),('B-25735',12,-2,3,3),('B-25735',15,-7,1,3),('B-25743',56,0,4,3),('B-25751',32,7,3,3),('B-25751',65,-4,6,3),('B-25752',8,-2,2,3),('B-25753',27,-20,2,3),('B-25757',106,15,7,3),('B-25757',14,5,1,3),('B-25757',17,7,3,3),('B-25759',20,-9,6,3),('B-25771',148,59,3,3),('B-25781',60,-49,8,3),('B-25783',30,-6,2,3),('B-25783',26,2,2,3),('B-25784',15,4,1,3),('B-25793',40,-33,5,3),('B-25793',60,-12,4,3),('B-25793',18,1,3,3),('B-25797',31,1,2,3),('B-25798',61,-50,4,3),('B-25800',45,12,7,3),('B-25808',210,50,4,3),('B-25809',154,54,3,3),('B-25809',53,24,1,3),('B-25810',26,10,4,3),('B-25810',29,8,5,3),('B-25811',126,52,4,3),('B-25812',259,47,5,3),('B-25818',75,28,9,3),('B-25818',28,14,4,3),('B-25821',17,0,1,3),('B-25829',345,38,7,3),('B-25830',41,11,6,3),('B-25833',64,27,5,3),('B-25833',36,4,9,3),('B-25838',70,26,5,3),('B-25838',81,19,7,3),('B-25843',255,74,5,3),('B-25843',18,6,3,3),('B-25848',16,8,2,3),('B-25850',93,-1,2,3),('B-25850',24,1,4,3),('B-25851',10,2,2,3),('B-25851',53,24,6,3),('B-25852',24,1,2,3),('B-25852',45,12,4,3),('B-25853',30,14,3,3),('B-25853',26,11,2,3),('B-25854',436,131,9,3),('B-25854',76,19,3,3),('B-25854',40,16,3,3),('B-25855',90,17,3,3),('B-25855',98,12,2,3),('B-25855',61,30,2,3),('B-25858',22,8,3,3),('B-25861',62,6,5,3),('B-25861',44,14,3,3),('B-25861',56,18,2,3),('B-25864',17,5,1,3),('B-25864',27,9,2,3),('B-25870',473,113,9,3),('B-25871',118,25,4,3),('B-25873',7,1,1,3),('B-25881',37,3,3,3),('B-25883',146,42,5,3),('B-25883',16,-15,4,3),('B-25884',24,2,4,3),('B-25888',18,2,3,3),('B-25891',25,2,2,3),('B-25891',97,36,7,3),('B-25896',103,36,2,3),('B-25897',33,10,3,3),('B-25897',24,11,5,3),('B-25901',158,38,3,3),('B-25901',61,28,2,3),('B-25903',19,8,2,3),('B-25903',37,17,3,3),('B-25903',204,94,4,3),('B-25907',30,11,5,3),('B-25910',259,47,5,3),('B-25930',151,29,5,3),('B-25930',58,17,2,3),('B-25935',150,32,3,3),('B-25940',13,3,2,3),('B-25943',26,7,4,3),('B-25943',137,38,5,3),('B-25947',290,35,6,3),('B-25949',24,11,3,3),('B-25949',151,9,3,3),('B-25950',158,-29,10,3),('B-25951',111,11,9,3),('B-25952',14,0,4,3),('B-25952',44,14,3,3),('B-25953',22,-8,4,3),('B-25953',44,2,3,3),('B-25956',59,10,2,3),('B-25956',33,10,3,3),('B-25958',105,25,2,3),('B-25959',82,24,6,3),('B-25959',23,8,2,3),('B-25965',17,7,3,3),('B-25973',398,111,8,3),('B-25979',12,1,2,3),('B-25985',32,8,5,3),('B-25987',88,11,7,3),('B-25989',44,14,3,3),('B-25989',338,41,7,3),('B-25991',13,5,2,3),('B-25996',31,2,2,3),('B-25997',16,6,3,3),('B-25997',48,15,1,3),('B-25999',222,74,5,3),('B-26001',13,0,2,3),('B-26003',128,47,4,3),('B-26008',206,51,4,3),('B-26010',18,2,3,3),('B-26016',202,4,4,3),('B-26018',61,8,4,3),('B-26021',21,-12,3,3),('B-26025',41,19,5,3),('B-26026',255,76,9,3),('B-26030',92,5,6,3),('B-26040',113,24,4,3),('B-26043',62,28,5,3),('B-26043',79,5,6,3),('B-26046',32,3,8,3),('B-26049',100,28,2,3),('B-26050',284,44,6,3),('B-26051',85,24,10,3),('B-26054',246,98,5,3),('B-26056',47,20,7,3),('B-26056',33,9,2,3),('B-26056',15,6,2,3),('B-26056',101,11,2,3),('B-26056',31,9,2,3),('B-26056',206,18,4,3),('B-26058',212,97,7,3),('B-26064',61,3,4,3),('B-26067',53,2,4,3),('B-26070',14,7,2,3),('B-26071',21,4,3,3),('B-26073',37,17,3,3),('B-26073',122,11,4,3),('B-26077',62,11,7,3),('B-26079',18,3,2,3),('B-26081',24,11,3,3),('B-26086',25,2,2,3),('B-26087',46,13,3,3),('B-26088',11,5,2,3),('B-26089',27,4,1,3),('B-26091',29,10,4,3),('B-26093',49,5,4,3),('B-26097',97,12,2,3),('B-26097',14,5,1,3),('B-26097',19,8,2,3),('B-26099',207,37,4,3),('B-25601',80,-56,4,4),('B-25609',485,29,4,4),('B-25614',98,-12,2,4),('B-25617',305,-270,5,4),('B-25621',233,-10,5,4),('B-25621',228,63,3,4),('B-25643',263,-63,2,4),('B-25643',36,-7,1,4),('B-25650',925,-447,5,4),('B-25654',269,-86,2,4),('B-25656',624,37,2,4),('B-25657',1021,-48,4,4),('B-25662',86,-21,1,4),('B-25666',934,-916,7,4),('B-25676',342,-103,4,4),('B-25681',1096,-658,7,4),('B-25689',469,-459,3,4),('B-25705',46,0,2,4),('B-25723',76,-54,3,4),('B-25725',144,-7,4,4),('B-25734',108,-19,3,4),('B-25741',482,-6,7,4),('B-25748',47,-21,2,4),('B-25751',534,5,2,4),('B-25751',221,-15,2,4),('B-25752',761,266,9,4),('B-25761',328,-15,3,4),('B-25761',263,-31,9,4),('B-25762',1316,-527,7,4),('B-25767',299,-28,3,4),('B-25773',209,-21,2,4),('B-25778',724,-447,4,4),('B-25790',42,-3,1,4),('B-25803',269,91,1,4),('B-25808',146,-63,3,4),('B-25819',417,49,3,4),('B-25823',2103,322,8,4),('B-25848',648,50,6,4),('B-25855',442,31,2,4),('B-25858',2457,665,11,4),('B-25861',216,-83,3,4),('B-25873',367,73,3,4),('B-25881',1351,111,6,4),('B-25888',646,213,3,4),('B-25897',734,213,6,4),('B-25898',171,2,2,4),('B-25910',850,289,5,4),('B-25915',277,3,1,4),('B-25919',1599,37,6,4),('B-25925',314,-41,3,4),('B-25927',200,7,4,4),('B-25930',351,-94,5,4),('B-25939',469,33,4,4),('B-25945',765,-36,3,4),('B-25951',50,14,1,4),('B-25952',935,114,4,4),('B-25953',188,-193,2,4),('B-25954',524,-25,2,4),('B-25954',148,9,1,4),('B-25962',312,62,1,4),('B-25964',1270,546,11,4),('B-25966',510,234,6,4),('B-25978',1063,-175,4,4),('B-25986',918,22,9,4),('B-25997',231,99,2,4),('B-25999',51,-49,2,4),('B-26004',162,73,2,4),('B-26010',527,26,3,4),('B-26016',429,61,3,4),('B-26016',134,-13,3,4),('B-26035',369,15,3,4),('B-26051',600,102,5,4),('B-26054',559,174,2,4),('B-26063',241,-77,4,4),('B-26072',313,44,3,4),('B-26078',557,111,2,4),('B-26084',209,-63,4,4),('B-26087',311,40,1,4),('B-26097',671,-309,5,4),('B-25602',168,-111,2,5),('B-25602',424,-272,5,5),('B-25602',2617,1151,4,5),('B-25621',333,-15,3,5),('B-25626',46,-14,1,5),('B-25630',143,-129,2,5),('B-25633',249,-130,4,5),('B-25639',1629,-153,3,5),('B-25645',273,-87,4,5),('B-25645',183,-66,5,5),('B-25648',100,-23,1,5),('B-25650',351,-47,8,5),('B-25653',427,-50,7,5),('B-25653',195,-117,5,5),('B-25657',332,-43,6,5),('B-25664',444,-200,4,5),('B-25664',785,52,2,5),('B-25664',258,-27,2,5),('B-25678',327,-39,1,5),('B-25681',1625,-77,3,5),('B-25682',545,-73,11,5),('B-25683',245,-3,4,5),('B-25685',529,137,3,5),('B-25693',68,-30,1,5),('B-25693',72,-49,1,5),('B-25696',117,-6,3,5),('B-25697',73,-7,1,5),('B-25698',65,-16,2,5),('B-25704',102,0,3,5),('B-25708',709,-100,5,5),('B-25712',193,-275,3,5),('B-25715',416,137,3,5),('B-25721',149,-40,2,5),('B-25728',771,-424,2,5),('B-25729',1549,-439,4,5),('B-25730',1145,-706,3,5),('B-25738',148,-91,2,5),('B-25748',224,58,3,5),('B-25751',68,-56,2,5),('B-25751',106,0,2,5),('B-25756',465,-33,4,5),('B-25761',418,70,7,5),('B-25764',765,-153,2,5),('B-25780',137,-41,3,5),('B-25795',276,-21,2,5),('B-25825',911,355,5,5),('B-25830',1063,64,7,5),('B-25830',1954,782,3,5),('B-25845',274,-7,4,5),('B-25849',336,123,3,5),('B-25850',916,192,11,5),('B-25868',62,-1,1,5),('B-25873',1275,357,2,5),('B-25886',502,84,4,5),('B-25888',223,4,3,5),('B-25900',210,62,2,5),('B-25903',336,57,2,5),('B-25909',1622,248,3,5),('B-25909',323,122,5,5),('B-25919',977,244,7,5),('B-25923',3873,891,6,5),('B-25946',146,7,2,5),('B-25951',248,105,2,5),('B-25954',146,66,1,5),('B-25955',200,13,5,5),('B-25956',474,56,4,5),('B-25956',140,28,2,5),('B-25959',252,56,2,5),('B-25959',637,212,8,5),('B-25970',365,107,3,5),('B-25981',867,251,5,5),('B-25993',414,199,3,5),('B-25994',196,-7,5,5),('B-25996',333,50,2,5),('B-25999',129,11,2,5),('B-26022',1824,-1303,8,5),('B-26028',1272,547,2,5),('B-26035',520,151,3,5),('B-26050',487,143,4,5),('B-26055',671,114,9,5),('B-26056',391,90,6,5),('B-26096',451,25,3,5),('B-26099',835,267,5,5),('B-25602',561,212,3,8),('B-25602',119,-5,8,8),('B-25603',193,-166,3,8),('B-25604',157,5,9,8),('B-25605',75,0,7,8),('B-25609',25,-5,4,8),('B-25610',43,0,3,8),('B-25611',160,-59,2,8),('B-25613',1603,0,9,8),('B-25619',353,90,8,8),('B-25622',534,0,3,8),('B-25623',149,-87,4,8),('B-25625',635,-349,5,8),('B-25628',24,-9,4,8),('B-25633',711,-8,4,8),('B-25635',382,30,3,8),('B-25636',637,113,5,8),('B-25640',122,-47,4,8),('B-25646',20,-8,2,8),('B-25647',42,-6,4,8),('B-25648',55,-26,4,8),('B-25648',130,-41,4,8),('B-25650',211,-105,2,8),('B-25650',31,-2,2,8),('B-25650',512,-225,5,8),('B-25650',238,20,2,8),('B-25651',23,4,1,8),('B-25651',457,-41,4,8),('B-25652',206,-206,3,8),('B-25653',28,-3,2,8),('B-25654',229,-23,2,8),('B-25654',54,-3,3,8),('B-25655',396,-31,9,8),('B-25655',110,-68,4,8),('B-25656',534,0,3,8),('B-25656',61,-23,2,8),('B-25656',406,126,2,8),('B-25656',1389,680,7,8),('B-25657',32,-22,5,8),('B-25660',245,-78,3,8),('B-25667',344,-34,3,8),('B-25673',143,-124,5,8),('B-25673',44,-17,5,8),('B-25673',16,-1,1,8),('B-25675',929,-93,9,8),('B-25678',64,-7,3,8),('B-25679',76,-50,1,8),('B-25680',73,-25,3,8),('B-25681',44,-3,1,8),('B-25683',86,-55,6,8),('B-25686',381,-13,2,8),('B-25687',357,139,2,8),('B-25687',387,-213,5,8),('B-25688',352,-345,5,8),('B-25691',714,56,4,8),('B-25693',632,-316,6,8),('B-25693',32,-16,6,8),('B-25696',116,-4,1,8),('B-25696',275,-275,4,8),('B-25696',168,-9,3,8),('B-25698',207,-153,3,8),('B-25702',31,-3,4,8),('B-25702',306,-147,3,8),('B-25703',97,-45,4,8),('B-25703',47,-27,4,8),('B-25709',33,-12,7,8),('B-25716',58,0,4,8),('B-25717',561,212,3,8),('B-25717',138,-3,5,8),('B-25728',322,-113,4,8),('B-25738',72,-6,3,8),('B-25738',1069,0,6,8),('B-25740',58,-8,2,8),('B-25743',143,-124,5,8),('B-25743',9,-5,1,8),('B-25745',296,-225,11,8),('B-25746',87,16,2,8),('B-25750',208,-25,2,8),('B-25750',20,-18,2,8),('B-25751',43,-5,2,8),('B-25754',30,-23,2,8),('B-25754',319,-312,5,8),('B-25755',37,-53,3,8),('B-25755',321,-315,5,8),('B-25755',27,4,2,8),('B-25761',40,0,3,8),('B-25761',102,-90,1,8),('B-25762',98,-5,2,8),('B-25764',24,-24,2,8),('B-25766',220,-19,2,8),('B-25767',29,-3,3,8),('B-25767',48,-22,2,8),('B-25769',355,-4,2,8),('B-25773',85,-9,4,8),('B-25773',24,-14,2,8),('B-25778',109,-6,6,8),('B-25778',933,166,5,8),('B-25785',595,292,3,8),('B-25785',192,-146,3,8),('B-25785',26,-25,3,8),('B-25787',556,-209,7,8),('B-25791',253,-63,2,8),('B-25791',565,66,7,8),('B-25791',175,77,3,8),('B-25793',257,-252,4,8),('B-25793',1402,109,11,8),('B-25796',37,-6,1,8),('B-25796',632,-316,6,8),('B-25796',148,0,3,8),('B-25797',89,-4,5,8),('B-25798',379,63,2,8),('B-25799',205,-119,3,8),('B-25799',47,-27,4,8),('B-25801',64,6,4,8),('B-25802',27,-7,5,8),('B-25803',765,8,6,8),('B-25810',1120,199,6,8),('B-25814',462,169,4,8),('B-25822',34,13,2,8),('B-25825',140,6,5,8),('B-25828',537,107,3,8),('B-25828',128,-3,3,8),('B-25828',222,35,5,8),('B-25830',54,1,2,8),('B-25831',693,254,6,8),('B-25839',1250,486,7,8),('B-25840',262,64,6,8),('B-25844',86,8,2,8),('B-25850',485,199,4,8),('B-25851',103,46,2,8),('B-25851',62,1,3,8),('B-25853',19,6,2,8),('B-25853',128,4,3,8),('B-25854',53,-2,3,8),('B-25854',381,144,2,8),('B-25855',1027,441,8,8),('B-25856',689,90,5,8),('B-25856',257,3,2,8),('B-25856',48,6,1,8),('B-25858',16,0,1,8),('B-25858',245,30,2,8),('B-25861',128,4,3,8),('B-25865',85,-1,3,8),('B-25869',86,9,3,8),('B-25870',845,84,7,8),('B-25875',248,8,2,8),('B-25890',465,207,9,8),('B-25893',149,15,3,8),('B-25898',499,33,4,8),('B-25899',43,17,1,8),('B-25902',79,6,7,8),('B-25909',168,56,3,8),('B-25933',412,-412,6,8),('B-25933',207,-100,2,8),('B-25934',105,33,6,8),('B-25936',61,25,4,8),('B-25943',149,15,3,8),('B-25944',169,38,3,8),('B-25945',60,3,3,8),('B-25950',136,-33,5,8),('B-25952',147,48,3,8),('B-25954',891,0,5,8),('B-25955',39,2,2,8),('B-25957',16,2,1,8),('B-25958',360,32,3,8),('B-25964',89,6,5,8),('B-25967',229,59,9,8),('B-25979',560,44,3,8),('B-25981',54,12,3,8),('B-25983',230,5,2,8),('B-25990',71,32,3,8),('B-25996',18,4,1,8),('B-25999',152,-3,5,8),('B-25999',215,-30,2,8),('B-26002',276,52,5,8),('B-26002',141,7,7,8),('B-26002',113,28,2,8),('B-26003',498,-116,4,8),('B-26004',147,44,3,8),('B-26008',10,-1,1,8),('B-26012',21,8,2,8),('B-26015',128,55,1,8),('B-26032',47,15,5,8),('B-26035',291,119,11,8),('B-26045',179,77,1,8),('B-26050',169,55,4,8),('B-26050',79,32,3,8),('B-26051',382,119,2,8),('B-26052',145,0,3,8),('B-26053',425,208,7,8),('B-26054',88,20,2,8),('B-26055',43,11,1,8),('B-26056',424,161,2,8),('B-26060',382,68,3,8),('B-26061',642,180,5,8),('B-26064',22,0,2,8),('B-26066',86,22,2,8),('B-26067',1120,199,6,8),('B-26073',29,9,3,8),('B-26076',19,4,2,8),('B-26081',93,-84,3,8),('B-26081',637,50,5,8),('B-26083',34,3,3,8),('B-26085',86,22,2,8),('B-26085',132,-10,3,8),('B-26087',119,56,7,8),('B-26093',33,-1,1,8),('B-26093',148,25,3,8),('B-26096',103,46,2,8),('B-26098',409,86,3,8),('B-25603',1355,-60,5,10),('B-25603',180,5,3,10),('B-25629',1560,421,3,10),('B-25633',496,-79,2,10),('B-25640',68,-62,2,10),('B-25650',269,111,3,10),('B-25655',97,-62,2,10),('B-25671',832,0,3,10),('B-25676',1263,-56,5,10),('B-25681',523,204,7,10),('B-25697',115,-39,3,10),('B-25727',327,114,4,10),('B-25737',187,-15,3,10),('B-25743',503,-56,2,10),('B-25753',341,-85,6,10),('B-25755',1709,564,3,10),('B-25757',3151,-35,7,10),('B-25768',1582,-443,6,10),('B-25781',767,-353,5,10),('B-25796',559,-19,2,10),('B-25803',106,12,3,10),('B-25803',536,91,1,10),('B-25850',117,36,2,10),('B-25876',282,14,4,10),('B-25877',1137,568,2,10),('B-25881',2244,247,4,10),('B-25902',1700,85,3,10),('B-25910',685,7,7,10),('B-25923',253,-11,1,10),('B-25949',140,57,2,10),('B-25951',250,100,3,10),('B-25952',352,18,5,10),('B-26040',833,93,3,10),('B-26048',1104,209,4,10),('B-26057',224,87,3,10),('B-26070',75,29,1,10),('B-26085',1487,624,3,10),('B-26096',264,-26,3,10),('B-26099',2366,552,5,10),('B-25603',24,-30,1,11),('B-25608',476,0,3,11),('B-25612',259,-55,2,11),('B-25626',1103,-276,3,11),('B-25634',389,-83,3,11),('B-25651',172,-103,3,11),('B-25651',823,-18,7,11),('B-25653',1327,318,8,11),('B-25655',312,-312,7,11),('B-25657',288,-180,4,11),('B-25661',224,-81,3,11),('B-25661',58,-42,2,11),('B-25661',145,-104,5,11),('B-25661',55,-33,2,11),('B-25681',243,-14,2,11),('B-25684',134,42,2,11),('B-25698',516,-392,8,11),('B-25701',98,-45,2,11),('B-25702',424,-17,9,11),('B-25709',41,-6,1,11),('B-25713',158,-63,4,11),('B-25717',55,-33,2,11),('B-25720',30,-35,1,11),('B-25730',473,42,4,11),('B-25730',83,-81,3,11),('B-25739',133,-56,2,11),('B-25750',212,-24,2,11),('B-25752',33,-27,1,11),('B-25755',134,-34,2,11),('B-25763',58,-52,3,11),('B-25770',287,-280,12,11),('B-25773',248,-70,3,11),('B-25773',224,-143,3,11),('B-25782',335,-22,7,11),('B-25796',239,-162,5,11),('B-25797',413,-314,9,11),('B-25799',45,-15,2,11),('B-25803',511,194,3,11),('B-25805',112,15,2,11),('B-25813',911,202,7,11),('B-25820',119,1,1,11),('B-25827',156,21,3,11),('B-25853',2093,721,5,11),('B-25877',269,33,5,11),('B-25878',719,303,6,11),('B-25881',2115,23,5,11),('B-25885',734,248,2,11),('B-25899',846,9,2,11),('B-25904',83,12,2,11),('B-25914',460,143,3,11),('B-25924',148,54,2,11),('B-25925',1228,14,3,11),('B-25929',216,-135,3,11),('B-25929',154,-85,3,11),('B-25931',73,-36,3,11),('B-25935',162,20,3,11),('B-25935',1657,460,4,11),('B-25952',173,69,3,11),('B-25959',681,259,4,11),('B-25959',429,17,3,11),('B-25964',346,108,3,11),('B-25983',32,-12,1,11),('B-25991',90,30,2,11),('B-26000',597,93,4,11),('B-26003',315,-8,3,11),('B-26014',406,97,7,11),('B-26014',278,39,5,11),('B-26017',78,7,1,11),('B-26048',401,13,6,11),('B-26053',120,1,1,11),('B-26055',5729,64,14,11),('B-26097',185,-26,6,11),('B-26098',497,179,3,11),('B-26100',828,230,2,11),('B-25603',38,18,1,17),('B-25630',114,-39,5,17),('B-25630',42,-26,2,17),('B-25687',14,-1,4,17),('B-25696',44,7,3,17),('B-25698',87,-83,5,17),('B-25703',22,-15,4,17),('B-25751',10,-8,1,17),('B-25753',62,-56,5,17),('B-25754',72,-46,7,17),('B-25764',26,0,2,17),('B-25767',9,-9,2,17),('B-25776',47,-20,2,17),('B-25777',69,-67,4,17),('B-25777',117,17,6,17),('B-25781',25,-1,4,17),('B-25789',30,0,1,17),('B-25793',63,-24,6,17),('B-25818',36,0,4,17),('B-25845',82,33,4,17),('B-25851',135,54,5,17),('B-25852',105,33,5,17),('B-25860',112,24,3,17),('B-25867',240,12,6,17),('B-25870',10,4,1,17),('B-25873',42,12,2,17),('B-25879',57,28,2,17),('B-25889',31,10,1,17),('B-25889',119,43,7,17),('B-25893',61,11,3,17),('B-25896',42,7,2,17),('B-25896',287,66,6,17),('B-25908',179,25,5,17),('B-25911',40,15,1,17),('B-25951',30,5,2,17),('B-25959',32,2,2,17),('B-25979',82,27,3,17),('B-25980',22,11,3,17),('B-25985',197,20,4,17),('B-26026',25,2,3,17),('B-26052',78,28,6,17),('B-26052',148,23,4,17),('B-26056',19,-18,4,17),('B-26069',55,18,2,17),('B-26089',59,24,6,17),('B-26089',139,14,3,17),('B-26095',6,1,1,17),('B-25604',65,17,2,18),('B-25630',34,-22,4,18),('B-25645',86,0,4,18),('B-25648',30,13,1,18),('B-25651',16,-10,2,18),('B-25658',27,9,2,18),('B-25659',148,72,7,18),('B-25662',24,-2,2,18),('B-25673',37,-5,3,18),('B-25687',51,21,3,18),('B-25693',82,-39,5,18),('B-25694',167,43,7,18),('B-25710',53,-18,4,18),('B-25710',13,-8,1,18),('B-25752',91,15,6,18),('B-25753',107,31,5,18),('B-25753',154,22,7,18),('B-25757',34,-11,5,18),('B-25764',119,43,5,18),('B-25777',59,-46,7,18),('B-25781',30,-25,2,18),('B-25785',45,0,2,18),('B-25801',15,-2,1,18),('B-25804',156,36,5,18),('B-25814',118,35,7,18),('B-25850',45,1,3,18),('B-25851',57,27,2,18),('B-25851',90,29,5,18),('B-25851',237,47,9,18),('B-25874',124,54,5,18),('B-25878',84,41,3,18),('B-25886',63,1,4,18),('B-25889',114,11,4,18),('B-25896',190,68,8,18),('B-25898',53,5,3,18),('B-25900',140,68,5,18),('B-25901',90,27,2,18),('B-25912',102,11,6,18),('B-25917',100,12,2,18),('B-25919',28,4,1,18),('B-25920',100,7,2,18),('B-25921',170,19,5,18),('B-25930',40,13,3,18),('B-25930',202,89,9,18),('B-25953',67,20,4,18),('B-25955',54,14,3,18),('B-25955',294,62,9,18),('B-25969',171,17,6,18),('B-25976',193,8,4,18),('B-25977',180,54,4,18),('B-25981',62,8,2,18),('B-25983',50,-4,6,18),('B-26002',71,19,3,18),('B-26003',79,16,3,18),('B-26010',55,3,3,18),('B-26019',585,175,13,18),('B-26027',54,8,4,18),('B-26029',21,10,1,18),('B-26038',41,19,2,18),('B-26038',30,6,1,18),('B-26050',325,32,7,18),('B-26051',184,85,6,18),('B-26052',101,16,4,18),('B-26055',94,27,2,18),('B-26057',54,8,4,18),('B-26059',20,6,1,18),('B-26061',27,8,2,18),('B-26064',122,38,6,18),('B-26067',67,2,4,18),('B-26076',60,13,2,18),('B-26078',44,20,2,18),('B-26080',109,35,6,18),('B-26083',145,16,3,18),('B-26086',43,17,2,18),('B-26092',97,14,2,18),('B-26098',59,15,2,18),('B-26100',34,10,2,18),('B-25606',87,4,2,21),('B-25637',117,14,3,21),('B-25642',434,26,11,21),('B-25643',37,-23,4,21),('B-25651',49,3,1,21),('B-25673',45,-2,4,21),('B-25676',32,6,3,21),('B-25676',79,36,4,21),('B-25678',27,-25,2,21),('B-25685',45,-2,4,21),('B-25695',171,14,9,21),('B-25700',129,-75,5,21),('B-25701',33,-29,3,21),('B-25702',75,0,3,21),('B-25703',186,-141,9,21),('B-25714',340,20,7,21),('B-25717',90,17,3,21),('B-25721',191,51,5,21),('B-25748',141,10,4,21),('B-25750',19,-1,1,21),('B-25751',43,21,3,21),('B-25783',21,-17,3,21),('B-25787',40,-12,3,21),('B-25802',23,-3,1,21),('B-25803',137,5,5,21),('B-25810',45,6,3,21),('B-25858',82,13,2,21),('B-25867',163,26,4,21),('B-25872',57,27,2,21),('B-25885',94,27,2,21),('B-25886',107,37,3,21),('B-25887',83,6,6,21),('B-25892',139,30,3,21),('B-25893',223,62,7,21),('B-25898',191,93,4,21),('B-25903',74,33,2,21),('B-25910',125,15,5,21),('B-25910',33,1,2,21),('B-25941',177,41,4,21),('B-25945',63,14,2,21),('B-25950',261,13,6,21),('B-25954',48,11,2,21),('B-25956',89,-37,4,21),('B-25959',132,49,3,21),('B-25961',48,16,3,21),('B-25973',79,39,2,21),('B-25979',57,27,2,21),('B-25985',108,26,4,21),('B-25991',188,13,7,21),('B-25992',141,41,3,21),('B-25996',286,140,6,21),('B-25999',223,62,7,21),('B-26009',195,12,9,21),('B-26010',85,13,2,21),('B-26016',74,9,3,21),('B-26028',77,36,2,21),('B-26030',89,36,3,21),('B-26033',111,35,5,21),('B-26038',130,61,3,21),('B-26039',83,34,5,21),('B-26050',32,6,3,21),('B-26052',15,1,1,21),('B-26054',88,19,2,21),('B-26055',213,4,14,21),('B-26055',57,7,2,21),('B-26070',54,12,4,21),('B-26076',133,46,5,21),('B-26096',140,56,4,21),('B-26100',72,16,2,21),('B-25607',50,15,4,22),('B-25625',59,30,3,22),('B-25632',19,-2,2,22),('B-25651',7,0,1,22),('B-25652',21,-13,3,22),('B-25652',34,-6,4,22),('B-25699',34,-13,5,22),('B-25710',10,-1,1,22),('B-25723',12,-7,2,22),('B-25727',57,-48,6,22),('B-25748',8,-1,2,22),('B-25751',14,-3,2,22),('B-25754',41,-14,5,22),('B-25756',29,-24,4,22),('B-25783',33,-10,6,22),('B-25800',21,-6,3,22),('B-25801',21,-10,4,22),('B-25808',63,17,6,22),('B-25818',32,11,2,22),('B-25828',15,2,1,22),('B-25835',52,11,5,22),('B-25835',27,2,2,22),('B-25846',94,7,7,22),('B-25850',52,18,5,22),('B-25864',22,8,2,22),('B-25878',46,0,4,22),('B-25881',26,9,2,22),('B-25881',36,7,3,22),('B-25883',105,26,8,22),('B-25883',10,-2,2,22),('B-25898',33,13,3,22),('B-25899',22,9,2,22),('B-25900',15,2,1,22),('B-25903',25,11,3,22),('B-25926',57,6,5,22),('B-25940',46,0,4,22),('B-25950',13,4,1,22),('B-25954',27,0,2,22),('B-25961',34,-12,5,22),('B-25973',39,14,5,22),('B-25981',42,13,3,22),('B-25982',13,3,1,22),('B-25986',71,4,5,22),('B-26008',57,24,5,22),('B-26031',67,9,4,22),('B-26064',75,2,5,22),('B-26074',57,21,4,22),('B-26083',43,8,3,22),('B-26091',59,10,4,22),('B-26093',81,41,5,22),('B-26096',45,9,3,22),('B-26097',39,18,2,22),('B-26098',96,48,5,22),('B-25608',1364,-1864,5,23),('B-25669',610,-66,2,23),('B-25676',674,-187,2,23),('B-25686',1829,-56,6,23),('B-25702',941,-203,3,23),('B-25779',1361,-980,3,23),('B-25786',623,-192,3,23),('B-25797',1630,-802,5,23),('B-25806',632,-114,4,23),('B-25852',869,67,4,23),('B-25868',1118,206,2,23),('B-25898',915,-99,3,23),('B-25898',857,274,2,23),('B-25910',1622,-624,5,23),('B-25993',4363,305,5,23),('B-26003',1745,122,2,23),('B-26048',1461,202,5,23),('B-25608',856,385,6,26),('B-25610',1076,-38,4,26),('B-25610',781,-594,6,26),('B-25620',193,46,1,26),('B-25638',816,-96,3,26),('B-25645',133,-42,1,26),('B-25650',245,-78,2,26),('B-25653',1279,-640,8,26),('B-25653',668,-31,3,26),('B-25654',450,-90,3,26),('B-25656',651,169,5,26),('B-25663',294,138,2,26),('B-25667',1030,206,8,26),('B-25683',433,26,3,26),('B-25686',332,-503,3,26),('B-25696',887,80,3,26),('B-25697',1300,-16,8,26),('B-25697',322,-193,5,26),('B-25728',1055,264,4,26),('B-25744',373,-254,6,26),('B-25752',735,-235,6,26),('B-25754',262,-215,2,26),('B-25756',643,-45,2,26),('B-25760',322,-193,5,26),('B-25772',1183,106,4,26),('B-25777',1076,-38,4,26),('B-25778',1506,-266,6,26),('B-25781',584,-444,7,26),('B-25798',448,148,2,26),('B-25803',757,371,2,26),('B-25804',321,26,3,26),('B-25817',743,89,5,26),('B-25826',637,261,2,26),('B-25836',1298,65,9,26),('B-25838',955,305,3,26),('B-25842',1543,370,8,26),('B-25845',757,371,2,26),('B-25847',643,225,2,26),('B-25851',300,42,2,26),('B-25852',320,144,1,26),('B-25853',579,139,3,26),('B-25855',829,19,4,26),('B-25855',1319,567,5,26),('B-25887',2125,234,6,26),('B-25893',372,59,3,26),('B-25919',636,204,2,26),('B-25923',484,28,3,26),('B-25942',646,-23,2,26),('B-25950',644,167,2,26),('B-25950',1622,95,5,26),('B-25953',744,119,6,26),('B-25955',954,95,3,26),('B-25961',446,53,3,26),('B-25962',260,68,2,26),('B-25969',720,43,2,26),('B-25970',203,84,2,26),('B-25973',4141,1698,13,26),('B-25986',487,-23,3,26),('B-25993',610,208,3,26),('B-25993',173,86,1,26),('B-26000',676,151,3,26),('B-26009',285,128,2,26),('B-26030',291,93,2,26),('B-26050',382,92,2,26),('B-26051',1337,147,7,26),('B-26055',250,-12,2,26),('B-26057',736,346,5,26),('B-26061',965,-68,3,26),('B-26061',206,12,1,26),('B-26067',1137,-14,7,26),('B-26073',1514,742,4,26),('B-26086',762,101,6,26),('B-26093',2847,712,8,26),('B-26097',663,-212,5,26),('B-25610',68,-55,5,31),('B-25652',174,-70,3,31),('B-25653',168,-10,3,31),('B-25653',115,25,1,31),('B-25653',227,102,8,31),('B-25665',166,-113,4,31),('B-25677',20,-2,1,31),('B-25681',68,-27,3,31),('B-25697',114,8,3,31),('B-25699',21,-5,1,31),('B-25704',126,-63,3,31),('B-25730',187,30,4,31),('B-25753',65,-52,3,31),('B-25753',620,82,6,31),('B-25767',74,-59,2,31),('B-25777',61,-25,4,31),('B-25787',229,-41,8,31),('B-25794',176,37,6,31),('B-25796',28,1,1,31),('B-25797',976,293,4,31),('B-25800',122,-66,9,31),('B-25802',633,-633,11,31),('B-25810',307,74,3,31),('B-25821',125,0,3,31),('B-25823',59,6,1,31),('B-25830',93,15,2,31),('B-25843',214,30,3,31),('B-25850',513,215,2,31),('B-25857',324,39,8,31),('B-25858',294,109,7,31),('B-25868',170,73,2,31),('B-25893',688,103,6,31),('B-25902',802,120,7,31),('B-25902',154,26,4,31),('B-25903',455,77,8,31),('B-25909',108,22,3,31),('B-25921',84,-42,2,31),('B-25921',71,-44,5,31),('B-25923',226,58,3,31),('B-25928',122,15,3,31),('B-25939',61,18,2,31),('B-25939',136,41,3,31),('B-25943',1547,340,6,31),('B-25947',207,33,2,31),('B-25951',40,18,1,31),('B-25953',116,22,1,31),('B-25955',1716,309,7,31),('B-25968',811,154,7,31),('B-25972',115,47,2,31),('B-25989',42,15,1,31),('B-25999',770,323,3,31),('B-26006',1301,573,5,31),('B-26020',319,102,6,31),('B-26028',115,0,1,31),('B-26030',221,35,4,31),('B-26033',774,170,3,31),('B-26034',425,183,5,31),('B-26048',163,81,2,31),('B-26050',166,27,2,31),('B-26051',490,88,2,31),('B-26052',774,170,3,31),('B-26053',93,31,3,31),('B-26054',139,21,3,31),('B-26056',220,40,2,31),('B-26061',508,203,2,31),('B-26068',193,33,5,31),('B-26081',169,0,3,31),('B-26083',143,6,2,31),('B-26083',45,17,1,31),('B-26093',492,187,2,31),('B-26096',88,11,3,31),('B-26098',82,8,3,31),('B-25610',30,-5,2,34),('B-25628',35,-8,2,34),('B-25631',89,-89,2,34),('B-25638',880,97,8,34),('B-25641',22,-6,1,34),('B-25644',76,-92,8,34),('B-25654',122,-21,3,34),('B-25654',121,-17,3,34),('B-25662',385,-77,11,34),('B-25668',123,17,3,34),('B-25683',155,56,3,34),('B-25685',51,7,2,34),('B-25685',264,-30,3,34),('B-25692',141,28,7,34),('B-25699',20,-22,1,34),('B-25703',42,-23,2,34),('B-25708',191,13,8,34),('B-25710',216,-38,6,34),('B-25710',616,-69,7,34),('B-25731',131,-154,8,34),('B-25738',70,-14,2,34),('B-25745',132,-79,5,34),('B-25750',539,-146,7,34),('B-25750',78,-6,2,34),('B-25753',47,-114,5,34),('B-25757',98,9,2,34),('B-25770',110,35,1,34),('B-25774',38,-6,2,34),('B-25787',140,-58,4,34),('B-25789',67,-86,9,34),('B-25818',94,20,2,34),('B-25823',104,2,2,34),('B-25823',103,50,2,34),('B-25824',101,38,2,34),('B-25847',264,71,10,34),('B-25848',147,21,3,34),('B-25853',95,11,4,34),('B-25854',342,154,7,34),('B-25855',550,242,5,34),('B-25857',227,59,2,34),('B-25870',57,7,3,34),('B-25878',165,46,3,34),('B-25883',127,29,3,34),('B-25896',79,-2,2,34),('B-25901',159,2,3,34),('B-25903',60,-10,2,34),('B-25918',244,122,5,34),('B-25928',25,10,1,34),('B-25932',71,-14,4,34),('B-25938',61,1,2,34),('B-25948',152,23,3,34),('B-25950',190,19,9,34),('B-25954',189,60,4,34),('B-25963',53,8,3,34),('B-25967',119,-24,4,34),('B-25983',161,-229,8,34),('B-25986',749,307,7,34),('B-25993',221,26,7,34),('B-25993',201,32,4,34),('B-25996',217,72,2,34),('B-25998',50,-28,5,34),('B-25999',109,40,1,34),('B-26001',149,17,4,34),('B-26003',652,13,6,34),('B-26003',114,41,6,34),('B-26010',176,-13,5,34),('B-26018',326,107,3,34),('B-26021',122,59,7,34),('B-26023',29,0,3,34),('B-26036',341,44,7,34),('B-26041',176,-28,5,34),('B-26045',302,75,6,34),('B-26070',582,262,5,34),('B-25628',45,13,4,65),('B-25635',23,2,2,65),('B-25651',11,-4,2,65),('B-25652',24,-21,7,65),('B-25655',9,-6,2,65),('B-25655',74,23,8,65),('B-25656',101,18,9,65),('B-25667',41,6,5,65),('B-25674',17,-12,5,65),('B-25678',7,-3,2,65),('B-25690',31,10,3,65),('B-25693',13,-13,2,65),('B-25697',4,-3,1,65),('B-25701',10,-8,2,65),('B-25710',25,0,4,65),('B-25721',29,-18,7,65),('B-25735',7,-1,2,65),('B-25736',31,-7,5,65),('B-25740',7,0,2,65),('B-25742',11,-8,2,65),('B-25750',42,-15,12,65),('B-25754',19,0,3,65),('B-25754',9,-1,3,65),('B-25757',17,-13,4,65),('B-25757',46,14,5,65),('B-25762',27,4,3,65),('B-25786',17,-11,3,65),('B-25793',24,-1,4,65),('B-25802',13,-9,2,65),('B-25830',71,0,8,65),('B-25841',22,11,2,65),('B-25843',50,7,6,65),('B-25853',39,16,6,65),('B-25856',10,2,2,65),('B-25858',29,11,4,65),('B-25858',27,5,2,65),('B-25877',24,8,2,65),('B-25896',31,11,3,65),('B-25896',23,4,2,65),('B-25899',28,6,4,65),('B-25909',12,2,2,65),('B-25916',80,26,9,65),('B-25952',87,32,9,65),('B-25955',45,8,4,65),('B-25961',26,3,3,65),('B-25961',34,10,3,65),('B-25967',17,2,2,65),('B-25975',29,2,3,65),('B-25988',79,24,9,65),('B-25996',62,6,6,65),('B-26000',43,9,4,65),('B-26001',8,2,2,65),('B-26001',50,9,6,65),('B-26003',17,2,2,65),('B-26013',29,10,3,65),('B-26030',11,5,1,65),('B-26043',30,12,3,65),('B-26044',28,10,3,65),('B-26047',55,12,5,65),('B-26053',17,1,2,65),('B-26053',27,6,3,65),('B-26078',17,8,2,65),('B-26098',46,14,5,65),('B-26099',9,3,1,65);
/*!40000 ALTER TABLE `order_details` ENABLE KEYS */;
UNLOCK TABLES;

--
-- Table structure for table `orders`
--

DROP TABLE IF EXISTS `orders`;
/*!40101 SET @saved_cs_client     = @@character_set_client */;
/*!50503 SET character_set_client = utf8mb4 */;
CREATE TABLE `orders` (
  `order_id` text,
  `user_id` int DEFAULT NULL,
  `order_date` text
) ENGINE=InnoDB DEFAULT CHARSET=utf8mb4 COLLATE=utf8mb4_0900_ai_ci;
/*!40101 SET character_set_client = @saved_cs_client */;

--
-- Dumping data for table `orders`
--

LOCK TABLES `orders` WRITE;
/*!40000 ALTER TABLE `orders` DISABLE KEYS */;
INSERT INTO `orders` VALUES ('B-25601',1,'01-04-2018'),('B-26011',1,'12-02-2019'),('B-26074',1,'21-03-2019'),('B-25602',2,'01-04-2018'),('B-26012',2,'13-02-2019'),('B-26075',2,'21-03-2019'),('B-25603',3,'03-04-2018'),('B-26013',3,'13-02-2019'),('B-26076',3,'21-03-2019'),('B-25604',4,'03-04-2018'),('B-26014',4,'13-02-2019'),('B-26077',4,'22-03-2019'),('B-25605',5,'05-04-2018'),('B-26015',5,'14-02-2019'),('B-26078',5,'22-03-2019'),('B-25606',6,'06-04-2018'),('B-26016',6,'14-02-2019'),('B-26079',6,'22-03-2019'),('B-25607',7,'06-04-2018'),('B-26017',7,'14-02-2019'),('B-26080',7,'22-03-2019'),('B-25608',8,'08-04-2018'),('B-26018',8,'14-02-2019'),('B-26081',8,'22-03-2019'),('B-25609',9,'09-04-2018'),('B-26019',9,'15-02-2019'),('B-26082',9,'23-03-2019'),('B-25610',10,'09-04-2018'),('B-26020',10,'16-02-2019'),('B-26083',10,'24-03-2019'),('B-25611',11,'11-04-2018'),('B-26021',11,'17-02-2019'),('B-26084',11,'25-03-2019'),('B-25612',12,'12-04-2018'),('B-26022',12,'18-02-2019'),('B-26085',12,'26-03-2019'),('B-25613',13,'12-04-2018'),('B-26023',13,'19-02-2019'),('B-26086',13,'26-03-2019'),('B-25614',14,'13-04-2018'),('B-26024',14,'19-02-2019'),('B-26087',14,'26-03-2019'),('B-25615',15,'15-04-2018'),('B-26025',15,'19-02-2019'),('B-26088',15,'26-03-2019'),('B-25616',16,'15-04-2018'),('B-26026',16,'19-02-2019'),('B-26089',16,'26-03-2019'),('B-25617',17,'17-04-2018'),('B-26027',17,'20-02-2019'),('B-26090',17,'27-03-2019'),('B-25618',18,'18-04-2018'),('B-26028',18,'20-02-2019'),('B-26091',18,'27-03-2019'),('B-25619',19,'18-04-2018'),('B-26029',19,'20-02-2019'),('B-26092',19,'27-03-2019'),('B-25620',20,'20-04-2018'),('B-26030',20,'21-02-2019'),('B-26093',20,'27-03-2019'),('B-25621',21,'20-04-2018'),('B-26031',21,'22-02-2019'),('B-26094',21,'27-03-2019'),('B-25622',22,'22-04-2018'),('B-26032',22,'22-02-2019'),('B-26095',22,'28-03-2019'),('B-25623',23,'22-04-2018'),('B-26033',23,'22-02-2019'),('B-26096',23,'28-03-2019'),('B-25624',24,'22-04-2018'),('B-26034',24,'23-02-2019'),('B-26097',24,'28-03-2019'),('B-25625',25,'23-04-2018'),('B-26035',25,'23-02-2019'),('B-26098',25,'29-03-2019'),('B-25626',26,'23-04-2018'),('B-26036',26,'23-02-2019'),('B-26099',26,'30-03-2019'),('B-25627',27,'23-04-2018'),('B-26037',27,'23-02-2019'),('B-26100',27,'31-03-2019'),('B-25628',28,'24-04-2018'),('B-26038',28,'24-02-2019'),('B-25629',29,'24-04-2018'),('B-26039',29,'25-02-2019'),('B-25630',30,'24-04-2018'),('B-26040',30,'26-02-2019'),('B-25631',31,'24-04-2018'),('B-26041',31,'27-02-2019'),('B-25632',32,'25-04-2018'),('B-26042',32,'28-02-2019'),('B-25633',33,'26-04-2018'),('B-26043',33,'01-03-2019'),('B-25634',34,'26-04-2018'),('B-26044',34,'02-03-2019'),('B-25635',35,'26-04-2018'),('B-26045',35,'03-03-2019'),('B-25636',36,'26-04-2018'),('B-26046',36,'04-03-2019'),('B-25637',37,'26-04-2018'),('B-26047',37,'04-03-2019'),('B-25638',38,'26-04-2018'),('B-26048',38,'04-03-2019'),('B-25639',39,'27-04-2018'),('B-26049',39,'05-03-2019'),('B-25640',40,'27-04-2018'),('B-26050',40,'06-03-2019'),('B-25641',41,'27-04-2018'),('B-26051',41,'07-03-2019'),('B-25642',42,'28-04-2018'),('B-26052',42,'08-03-2019'),('B-25643',43,'29-04-2018'),('B-26053',43,'09-03-2019'),('B-25644',44,'30-04-2018'),('B-26054',44,'10-03-2019'),('B-25645',45,'01-05-2018'),('B-26055',45,'10-03-2019'),('B-25646',46,'01-05-2018'),('B-26056',46,'10-03-2019'),('B-25647',47,'03-05-2018'),('B-26057',47,'10-03-2019'),('B-25648',48,'04-05-2018'),('B-26058',48,'11-03-2019'),('B-25649',49,'05-05-2018'),('B-26059',49,'12-03-2019'),('B-25650',50,'06-05-2018'),('B-26060',50,'13-03-2019'),('B-25651',51,'07-05-2018'),('B-26061',51,'14-03-2019'),('B-25652',52,'08-05-2018'),('B-26062',52,'15-03-2019'),('B-25653',53,'08-05-2018'),('B-26063',53,'15-03-2019'),('B-25654',54,'10-05-2018'),('B-25655',55,'11-05-2018'),('B-26065',55,'16-03-2019'),('B-25656',56,'11-05-2018'),('B-26066',56,'16-03-2019'),('B-25657',57,'13-05-2018'),('B-26067',57,'16-03-2019'),('B-25658',58,'14-05-2018'),('B-26068',58,'16-03-2019'),('B-25659',59,'15-05-2018'),('B-26069',59,'17-03-2019'),('B-25660',60,'16-05-2018'),('B-26070',60,'18-03-2019'),('B-25661',61,'17-05-2018'),('B-26071',61,'19-03-2019'),('B-25662',62,'17-05-2018'),('B-26072',62,'20-03-2019'),('B-25663',63,'19-05-2018'),('B-26073',63,'21-03-2019'),('B-25664',64,'20-05-2018'),('B-25665',65,'21-05-2018'),('B-25666',66,'22-05-2018'),('B-25667',67,'23-05-2018'),('B-25668',68,'24-05-2018'),('B-25669',69,'25-05-2018'),('B-25670',70,'25-05-2018'),('B-25671',71,'27-05-2018'),('B-25672',72,'28-05-2018'),('B-25673',73,'28-05-2018'),('B-25674',74,'28-05-2018'),('B-25675',75,'31-05-2018'),('B-25676',76,'01-06-2018'),('B-25677',77,'02-06-2018'),('B-25678',78,'03-06-2018'),('B-25679',79,'04-06-2018'),('B-25680',80,'04-06-2018'),('B-25681',81,'04-06-2018'),('B-25682',82,'07-06-2018'),('B-25683',83,'08-06-2018'),('B-25773',83,'06-09-2018'),('B-25684',84,'09-06-2018'),('B-25685',85,'10-06-2018'),('B-25724',85,'19-07-2018'),('B-25827',85,'23-10-2018'),('B-25842',85,'02-11-2018'),('B-25686',86,'11-06-2018'),('B-25687',87,'11-06-2018'),('B-25688',88,'11-06-2018'),('B-25689',89,'14-06-2018'),('B-25690',90,'15-06-2018'),('B-25691',91,'16-06-2018'),('B-25692',92,'17-06-2018'),('B-25719',92,'12-07-2018'),('B-25693',93,'18-06-2018'),('B-25694',94,'18-06-2018'),('B-25695',95,'18-06-2018'),('B-25696',96,'21-06-2018'),('B-25697',97,'22-06-2018'),('B-25698',98,'23-06-2018'),('B-25699',99,'24-06-2018'),('B-25700',100,'25-06-2018'),('B-25701',101,'26-06-2018'),('B-25702',102,'27-06-2018'),('B-25703',103,'28-06-2018'),('B-25704',104,'29-06-2018'),('B-25705',105,'30-06-2018'),('B-25706',106,'01-07-2018'),('B-25707',107,'01-07-2018'),('B-25708',108,'01-07-2018'),('B-25709',109,'01-07-2018'),('B-25710',110,'05-07-2018'),('B-25711',111,'06-07-2018'),('B-25712',112,'07-07-2018'),('B-25713',113,'08-07-2018'),('B-25714',114,'09-07-2018'),('B-25715',115,'10-07-2018'),('B-25716',116,'11-07-2018'),('B-25717',117,'12-07-2018'),('B-25718',118,'12-07-2018'),('B-25720',120,'15-07-2018'),('B-25721',121,'16-07-2018'),('B-25722',122,'17-07-2018'),('B-25723',123,'18-07-2018'),('B-25725',125,'20-07-2018'),('B-25726',126,'21-07-2018'),('B-25727',127,'22-07-2018'),('B-25728',128,'22-07-2018'),('B-25729',129,'22-07-2018'),('B-25730',130,'22-07-2018'),('B-25731',131,'26-07-2018'),('B-25732',132,'27-07-2018'),('B-25733',133,'28-07-2018'),('B-25734',134,'29-07-2018'),('B-25735',135,'30-07-2018'),('B-25736',136,'31-07-2018'),('B-25737',137,'01-08-2018'),('B-25738',138,'02-08-2018'),('B-25739',139,'03-08-2018'),('B-25740',140,'03-08-2018'),('B-25741',141,'03-08-2018'),('B-25742',142,'03-08-2018'),('B-25743',143,'07-08-2018'),('B-25744',144,'08-08-2018'),('B-25745',145,'09-08-2018'),('B-25746',146,'10-08-2018'),('B-25747',147,'11-08-2018'),('B-25748',148,'12-08-2018'),('B-25749',149,'13-08-2018'),('B-25750',150,'14-08-2018'),('B-25751',151,'14-08-2018'),('B-25752',152,'14-08-2018'),('B-25753',153,'17-08-2018'),('B-25754',154,'18-08-2018'),('B-25755',155,'19-08-2018'),('B-25756',156,'20-08-2018'),('B-25757',157,'21-08-2018'),('B-25758',158,'22-08-2018'),('B-25759',159,'23-08-2018'),('B-25760',160,'24-08-2018'),('B-25761',161,'25-08-2018'),('B-25778',161,'11-09-2018'),('B-25762',162,'26-08-2018'),('B-25763',163,'27-08-2018'),('B-25764',164,'28-08-2018'),('B-25765',165,'29-08-2018'),('B-25766',166,'30-08-2018'),('B-25767',167,'31-08-2018'),('B-25768',168,'01-09-2018'),('B-25769',169,'02-09-2018'),('B-25770',170,'02-09-2018'),('B-25771',171,'02-09-2018'),('B-25772',172,'02-09-2018'),('B-25774',174,'07-09-2018'),('B-25775',175,'08-09-2018'),('B-25776',176,'09-09-2018'),('B-25777',177,'10-09-2018'),('B-25779',179,'12-09-2018'),('B-25780',180,'13-09-2018'),('B-25781',181,'14-09-2018'),('B-25782',182,'15-09-2018'),('B-25783',183,'15-09-2018'),('B-25979',183,'27-01-2019'),('B-25784',184,'15-09-2018'),('B-25785',185,'15-09-2018'),('B-25786',186,'19-09-2018'),('B-25787',187,'20-09-2018'),('B-25788',188,'21-09-2018'),('B-25789',189,'22-09-2018'),('B-25790',190,'23-09-2018'),('B-25791',191,'24-09-2018'),('B-25792',192,'24-09-2018'),('B-25793',193,'24-09-2018'),('B-25879',193,'24-11-2018'),('B-25794',194,'24-09-2018'),('B-25795',195,'24-09-2018'),('B-25796',196,'24-09-2018'),('B-25797',197,'30-09-2018'),('B-25798',198,'01-10-2018'),('B-25799',199,'01-10-2018'),('B-25800',200,'01-10-2018'),('B-25801',201,'01-10-2018'),('B-25802',202,'05-10-2018'),('B-25803',203,'05-10-2018'),('B-25804',204,'05-10-2018'),('B-25805',205,'05-10-2018'),('B-25806',206,'06-10-2018'),('B-25807',207,'07-10-2018'),('B-25808',208,'08-10-2018'),('B-25809',209,'09-10-2018'),('B-25810',210,'10-10-2018'),('B-25811',211,'10-10-2018'),('B-25812',212,'10-10-2018'),('B-25813',213,'10-10-2018'),('B-25814',214,'10-10-2018'),('B-25815',215,'10-10-2018'),('B-25816',216,'12-10-2018'),('B-25817',217,'13-10-2018'),('B-25818',218,'14-10-2018'),('B-25819',219,'15-10-2018'),('B-25820',220,'16-10-2018'),('B-25821',221,'16-10-2018'),('B-25822',222,'18-10-2018'),('B-25823',223,'18-10-2018'),('B-25824',224,'20-10-2018'),('B-25825',225,'21-10-2018'),('B-25826',226,'22-10-2018'),('B-25828',228,'24-10-2018'),('B-25829',229,'25-10-2018'),('B-25830',230,'26-10-2018'),('B-25831',231,'27-10-2018'),('B-25832',232,'28-10-2018'),('B-25833',233,'29-10-2018'),('B-25834',234,'29-10-2018'),('B-25835',235,'29-10-2018'),('B-25836',236,'29-10-2018'),('B-25837',237,'29-10-2018'),('B-25838',238,'29-10-2018'),('B-25839',239,'30-10-2018'),('B-25840',240,'31-10-2018'),('B-25841',241,'01-11-2018'),('B-25843',243,'03-11-2018'),('B-25844',244,'03-11-2018'),('B-25845',245,'03-11-2018'),('B-25846',246,'03-11-2018'),('B-25847',247,'03-11-2018'),('B-25848',248,'03-11-2018'),('B-25849',249,'04-11-2018'),('B-25850',250,'05-11-2018'),('B-25851',251,'06-11-2018'),('B-25852',252,'07-11-2018'),('B-25853',253,'08-11-2018'),('B-25854',254,'08-11-2018'),('B-25855',255,'08-11-2018'),('B-25856',256,'10-11-2018'),('B-25857',257,'10-11-2018'),('B-25858',258,'13-11-2018'),('B-25859',259,'14-11-2018'),('B-25860',260,'15-11-2018'),('B-25861',261,'15-11-2018'),('B-25862',262,'15-11-2018'),('B-25863',263,'15-11-2018'),('B-25864',264,'15-11-2018'),('B-25865',265,'15-11-2018'),('B-25866',266,'16-11-2018'),('B-25867',267,'17-11-2018'),('B-25868',268,'18-11-2018'),('B-25869',269,'19-11-2018'),('B-25870',270,'20-11-2018'),('B-25871',271,'21-11-2018'),('B-25872',272,'22-11-2018'),('B-25873',273,'23-11-2018'),('B-25874',274,'24-11-2018'),('B-25875',275,'24-11-2018'),('B-25876',276,'24-11-2018'),('B-25877',277,'24-11-2018'),('B-25878',278,'24-11-2018'),('B-25880',280,'24-11-2018'),('B-25881',281,'25-11-2018'),('B-25882',282,'26-11-2018'),('B-25883',283,'27-11-2018'),('B-25884',284,'28-11-2018'),('B-25885',285,'28-11-2018'),('B-25886',286,'28-11-2018'),('B-25887',287,'01-12-2018'),('B-25888',288,'02-12-2018'),('B-25889',289,'03-12-2018'),('B-25890',290,'04-12-2018'),('B-25891',291,'04-12-2018'),('B-25892',292,'04-12-2018'),('B-25893',293,'04-12-2018'),('B-25894',294,'04-12-2018'),('B-25895',295,'04-12-2018'),('B-25896',296,'05-12-2018'),('B-25897',297,'06-12-2018'),('B-25898',298,'07-12-2018'),('B-25899',299,'08-12-2018'),('B-25900',300,'09-12-2018'),('B-25901',301,'10-12-2018'),('B-25902',302,'10-12-2018'),('B-25903',303,'10-12-2018'),('B-25904',304,'10-12-2018'),('B-25905',305,'11-12-2018'),('B-25906',306,'11-12-2018'),('B-25907',307,'11-12-2018'),('B-25908',308,'12-12-2018'),('B-25909',309,'13-12-2018'),('B-25910',310,'14-12-2018'),('B-25911',311,'15-12-2018'),('B-25912',312,'16-12-2018'),('B-25913',313,'17-12-2018'),('B-25914',314,'18-12-2018'),('B-25984',314,'30-01-2019'),('B-25915',315,'19-12-2018'),('B-25916',316,'20-12-2018'),('B-25917',317,'21-12-2018'),('B-25918',318,'22-12-2018'),('B-25919',319,'23-12-2018'),('B-25920',320,'24-12-2018'),('B-25921',321,'25-12-2018'),('B-25922',322,'26-12-2018'),('B-25923',323,'27-12-2018'),('B-25924',324,'28-12-2018'),('B-25925',325,'29-12-2018'),('B-25926',326,'30-12-2018'),('B-25927',327,'31-12-2018'),('B-25928',328,'01-01-2019'),('B-25929',329,'02-01-2019'),('B-25930',330,'03-01-2019'),('B-25931',331,'04-01-2019'),('B-25932',332,'04-01-2019'),('B-25933',333,'04-01-2019'),('B-25934',334,'04-01-2019'),('B-25935',335,'04-01-2019'),('B-25936',336,'05-01-2019'),('B-25937',337,'05-01-2019'),('B-25938',338,'05-01-2019'),('B-25939',339,'05-01-2019'),('B-25940',340,'06-01-2019'),('B-25941',341,'07-01-2019'),('B-25942',342,'08-01-2019'),('B-25943',343,'09-01-2019'),('B-25944',344,'10-01-2019'),('B-25945',345,'11-01-2019'),('B-25946',346,'12-01-2019'),('B-25947',347,'13-01-2019'),('B-25948',348,'13-01-2019'),('B-25949',349,'13-01-2019'),('B-25950',350,'13-01-2019'),('B-25951',351,'13-01-2019'),('B-25952',352,'13-01-2019'),('B-25953',353,'14-01-2019'),('B-25954',354,'14-01-2019'),('B-25955',355,'16-01-2019'),('B-25956',356,'17-01-2019'),('B-25957',357,'18-01-2019'),('B-25958',358,'18-01-2019'),('B-25959',359,'18-01-2019'),('B-25960',360,'18-01-2019'),('B-25961',361,'18-01-2019'),('B-25962',362,'19-01-2019'),('B-25963',363,'19-01-2019'),('B-25964',364,'20-01-2019'),('B-25965',365,'21-01-2019'),('B-25966',366,'21-01-2019'),('B-25967',367,'21-01-2019'),('B-25968',368,'21-01-2019'),('B-25969',369,'21-01-2019'),('B-25970',370,'22-01-2019'),('B-25971',371,'22-01-2019'),('B-25972',372,'23-01-2019'),('B-25973',373,'24-01-2019'),('B-25974',374,'25-01-2019'),('B-25975',375,'25-01-2019'),('B-25976',376,'25-01-2019'),('B-25977',377,'27-01-2019'),('B-25978',378,'27-01-2019'),('B-25980',380,'27-01-2019'),('B-25986',380,'31-01-2019'),('B-25981',381,'28-01-2019'),('B-25982',382,'29-01-2019'),('B-25983',383,'30-01-2019'),('B-25985',385,'31-01-2019'),('B-25987',387,'31-01-2019'),('B-25988',388,'31-01-2019'),('B-25989',389,'01-02-2019'),('B-25990',390,'02-02-2019'),('B-25991',391,'03-02-2019'),('B-25992',392,'03-02-2019'),('B-25993',393,'03-02-2019'),('B-25994',394,'03-02-2019'),('B-25995',395,'04-02-2019'),('B-25996',396,'04-02-2019'),('B-25997',397,'04-02-2019'),('B-25998',398,'04-02-2019'),('B-25999',399,'05-02-2019'),('B-26000',400,'06-02-2019'),('B-26001',401,'07-02-2019'),('B-26002',402,'08-02-2019'),('B-26003',403,'08-02-2019'),('B-26004',404,'08-02-2019'),('B-26005',405,'08-02-2019'),('B-26006',406,'09-02-2019'),('B-26007',407,'09-02-2019'),('B-26008',408,'09-02-2019'),('B-26009',409,'10-02-2019'),('B-26010',410,'11-02-2019'),('B-26064',464,'16-03-2019');
/*!40000 ALTER TABLE `orders` ENABLE KEYS */;
UNLOCK TABLES;

--
-- Table structure for table `users`
--

DROP TABLE IF EXISTS `users`;
/*!40101 SET @saved_cs_client     = @@character_set_client */;
/*!50503 SET character_set_client = utf8mb4 */;
CREATE TABLE `users` (
  `user_id` int DEFAULT NULL,
  `name` text,
  `state` text,
  `city` text
) ENGINE=InnoDB DEFAULT CHARSET=utf8mb4 COLLATE=utf8mb4_0900_ai_ci;
/*!40101 SET character_set_client = @saved_cs_client */;

--
-- Dumping data for table `users`
--

LOCK TABLES `users` WRITE;
/*!40000 ALTER TABLE `users` DISABLE KEYS */;
INSERT INTO `users` VALUES (1,'Bharat','Gujarat','Ahmedabad'),(2,'Pearl','Maharashtra','Pune'),(3,'Jahan','Madhya Pradesh','Bhopal'),(4,'Divsha','Rajasthan','Jaipur'),(5,'Kasheen','West Bengal','Kolkata'),(6,'Hazel','Karnataka','Bangalore'),(7,'Sonakshi','Jammu and Kashmir','Kashmir'),(8,'Aarushi','Tamil Nadu','Chennai'),(9,'Jitesh','Uttar Pradesh','Lucknow'),(10,'Yogesh','Bihar','Patna'),(11,'Anita','Kerala ','Thiruvananthapuram'),(12,'Shrichand','Punjab','Chandigarh'),(13,'Mukesh','Haryana','Chandigarh'),(14,'Vandana','Himachal Pradesh','Simla'),(15,'Bhavna','Sikkim','Gangtok'),(16,'Kanak','Goa','Goa'),(17,'Sagar','Nagaland','Kohima'),(18,'Manju','Andhra Pradesh','Hyderabad'),(19,'Ramesh','Gujarat','Ahmedabad'),(20,'Sarita','Maharashtra','Pune'),(21,'Deepak','Madhya Pradesh','Bhopal'),(22,'Monisha','Rajasthan','Jaipur'),(23,'Atharv','West Bengal','Kolkata'),(24,'Vini','Karnataka','Bangalore'),(25,'Pinky','Jammu and Kashmir','Kashmir'),(26,'Bhishm','Maharashtra','Mumbai'),(27,'Hitika','Madhya Pradesh','Indore'),(28,'Pooja','Bihar','Patna'),(29,'Hemant','Kerala ','Thiruvananthapuram'),(30,'Sahil','Punjab','Chandigarh'),(31,'Ritu','Haryana','Chandigarh'),(32,'Manish','Himachal Pradesh','Simla'),(33,'Amit','Sikkim','Gangtok'),(34,'Sanjay','Goa','Goa'),(35,'Nidhi','Nagaland','Kohima'),(36,'Nishi','Maharashtra','Mumbai'),(37,'Ashmi','Madhya Pradesh','Indore'),(38,'Parth','Maharashtra','Pune'),(39,'Lisha','Madhya Pradesh','Bhopal'),(40,'Paridhi','Rajasthan','Jaipur'),(41,'Parishi','West Bengal','Kolkata'),(42,'Ajay','Karnataka','Bangalore'),(43,'Kirti','Jammu and Kashmir','Kashmir'),(44,'Mayank','Maharashtra','Mumbai'),(45,'Yaanvi','Madhya Pradesh','Indore'),(46,'Sonal','Bihar','Patna'),(47,'Sharda','Kerala ','Thiruvananthapuram'),(48,'Aditya','Punjab','Chandigarh'),(49,'Rachna','Haryana','Chandigarh'),(50,'Chirag','Maharashtra','Mumbai'),(51,'Anurag','Madhya Pradesh','Indore'),(52,'Tushina','Goa','Goa'),(53,'Farah','Nagaland','Kohima'),(54,'Sabah','Maharashtra','Mumbai'),(55,'Nida','Madhya Pradesh','Indore'),(56,'Priyanka','Maharashtra','Pune'),(57,'Tulika','Madhya Pradesh','Bhopal'),(58,'Shefali','Rajasthan','Jaipur'),(59,'Sanskriti','West Bengal','Kolkata'),(60,'Shruti','Karnataka','Bangalore'),(61,'Subhashree','Jammu and Kashmir','Kashmir'),(62,'Sweta','Maharashtra','Mumbai'),(63,'Pournamasi','Madhya Pradesh','Indore'),(64,'Pratyusmita','Bihar','Patna'),(65,'Chayanika','Kerala ','Thiruvananthapuram'),(66,'Tanvi','Punjab','Chandigarh'),(67,'Anjali','Haryana','Chandigarh'),(68,'Rhea','Himachal Pradesh','Simla'),(69,'Piyali','Sikkim','Gangtok'),(70,'Charika','Goa','Goa'),(71,'Mitali','Nagaland','Kohima'),(72,'Akanksha','Andhra Pradesh','Hyderabad'),(73,'Arsheen','Gujarat','Ahmedabad'),(74,'Mahima','Maharashtra','Pune'),(75,'Shreya','Madhya Pradesh','Bhopal'),(76,'Chandni','Rajasthan','Jaipur'),(77,'Ekta','West Bengal','Kolkata'),(78,'Bathina','Karnataka','Bangalore'),(79,'Avni','Maharashtra','Mumbai'),(80,'Aayushi','Madhya Pradesh','Indore'),(81,'Bhawna','Madhya Pradesh','Indore'),(82,'Krutika','Bihar','Patna'),(83,'Shreya','Kerala ','Thiruvananthapuram'),(84,'Samiksha','Maharashtra','Mumbai'),(85,'Sheetal','Madhya Pradesh','Indore'),(86,'Pooja','Himachal Pradesh','Simla'),(87,'Sanjna','Maharashtra','Mumbai'),(88,'Swetha','Madhya Pradesh','Indore'),(89,'Bhaggyasree','Maharashtra','Mumbai'),(90,'Gunjan','Madhya Pradesh','Indore'),(91,'Akancha','Maharashtra','Mumbai'),(92,'Rashmi','Madhya Pradesh','Indore'),(93,'Parna','Madhya Pradesh','Bhopal'),(94,'Subhasmita','Rajasthan','Jaipur'),(95,'Suhani','West Bengal','Kolkata'),(96,'Noopur','Karnataka','Bangalore'),(97,'Vijay','Jammu and Kashmir','Kashmir'),(98,'Amisha','Tamil Nadu','Chennai'),(99,'Kritika','Uttar Pradesh','Lucknow'),(100,'Shubhi','Maharashtra','Mumbai'),(101,'Maithilee','Madhya Pradesh','Indore'),(102,'Shaily','Maharashtra','Mumbai'),(103,'Ekta','Madhya Pradesh','Indore'),(104,'Riya','Maharashtra','Mumbai'),(105,'Shweta','Madhya Pradesh','Indore'),(106,'Swetlana','Goa','Goa'),(107,'Shivani','Maharashtra','Mumbai'),(108,'Kishwar','Madhya Pradesh','Indore'),(109,'Aakanksha','Madhya Pradesh','Indore'),(110,'Megha','Maharashtra','Pune'),(111,'Sakshi','Madhya Pradesh','Bhopal'),(112,'Adhvaita','Rajasthan','Jaipur'),(113,'Raksha','West Bengal','Kolkata'),(114,'Stuti','Karnataka','Bangalore'),(115,'Srishti','Jammu and Kashmir','Kashmir'),(116,'Surabhi','Tamil Nadu','Chennai'),(117,'Manshul','Uttar Pradesh','Lucknow'),(118,'Anjali','Maharashtra','Mumbai'),(120,'Namrata','Punjab','Chandigarh'),(121,'Anchal','Haryana','Chandigarh'),(122,'Inderpreet','Himachal Pradesh','Simla'),(123,'Wale','Maharashtra','Mumbai'),(125,'Anisha','Nagaland','Kohima'),(126,'Kiran','Maharashtra','Mumbai'),(127,'Turumella','Madhya Pradesh','Indore'),(128,'Ameesha','Maharashtra','Pune'),(129,'Madhulika','Madhya Pradesh','Bhopal'),(130,'Rishabh','Rajasthan','Jaipur'),(131,'Akash','West Bengal','Kolkata'),(132,'Anubhaw','Karnataka','Bangalore'),(133,'Dhirajendu','Maharashtra','Mumbai'),(134,'Pranav','Madhya Pradesh','Indore'),(135,'Arindam','Uttar Pradesh','Lucknow'),(136,'Akshat','Maharashtra','Mumbai'),(137,'Shubham','Madhya Pradesh','Indore'),(138,'Ayush','Punjab','Chandigarh'),(139,'Daksh','Haryana','Chandigarh'),(140,'Rane','Maharashtra','Mumbai'),(141,'Navdeep','Madhya Pradesh','Indore'),(142,'Ashwin','Goa','Goa'),(143,'Aman','Nagaland','Kohima'),(144,'Devendra','Andhra Pradesh','Hyderabad'),(145,'Kartik','Gujarat','Ahmedabad'),(146,'Shivam','Maharashtra','Pune'),(147,'Harsh','Madhya Pradesh','Bhopal'),(148,'Nitant','Rajasthan','Jaipur'),(149,'Ayush','Maharashtra','Mumbai'),(150,'Priyanshu','Madhya Pradesh','Indore'),(151,'Nishant','Maharashtra','Mumbai'),(152,'Vaibhav','Madhya Pradesh','Indore'),(153,'Shivam','Uttar Pradesh','Lucknow'),(154,'Akshay','Bihar','Patna'),(155,'Shourya','Kerala ','Thiruvananthapuram'),(156,'Mohan','Maharashtra','Mumbai'),(157,'Mohit','Madhya Pradesh','Indore'),(158,'Shubham','Himachal Pradesh','Simla'),(159,'Soumya','Sikkim','Gangtok'),(160,'Pooja','Goa','Goa'),(161,'Surabhi','Maharashtra','Mumbai'),(162,'Anudeep','Madhya Pradesh','Indore'),(163,'Noshiba','Gujarat','Ahmedabad'),(164,'Sanjova','Maharashtra','Pune'),(165,'Meghana','Madhya Pradesh','Bhopal'),(166,'Surabhi','Rajasthan','Jaipur'),(167,'Ashmeet','West Bengal','Kolkata'),(168,'Shreyoshe','Karnataka','Bangalore'),(169,'Surbhi','Maharashtra','Mumbai'),(170,'Sakshi','Madhya Pradesh','Indore'),(171,'Vaibhavi','Uttar Pradesh','Lucknow'),(172,'Sanjana','Bihar','Patna'),(174,'Snehal','Punjab','Chandigarh'),(175,'Duhita','Haryana','Chandigarh'),(176,'Mousam','Maharashtra','Mumbai'),(177,'Aditi','Madhya Pradesh','Indore'),(179,'Savi','Madhya Pradesh','Indore'),(180,'Teena','Andhra Pradesh','Hyderabad'),(181,'Rutuja','Gujarat','Ahmedabad'),(182,'Aayushi','Maharashtra','Mumbai'),(183,'Shivangi','Madhya Pradesh','Indore'),(184,'Rohit','Rajasthan','Jaipur'),(185,'Ayush','West Bengal','Kolkata'),(186,'Abhishek','Karnataka','Bangalore'),(187,'Asish','Jammu and Kashmir','Kashmir'),(188,'Dinesh','Tamil Nadu','Chennai'),(189,'Akshay','Uttar Pradesh','Lucknow'),(190,'Sajal','Bihar','Patna'),(191,'Avish','Kerala ','Thiruvananthapuram'),(192,'Abhishek','Maharashtra','Mumbai'),(193,'Siddharth','Madhya Pradesh','Indore'),(194,'Aditya','Himachal Pradesh','Simla'),(195,'Sukant','Sikkim','Gangtok'),(196,'Sukrith','Maharashtra','Mumbai'),(197,'Sauptik','Madhya Pradesh','Indore'),(198,'Shishu','Andhra Pradesh','Hyderabad'),(199,'Divyansh','Gujarat','Ahmedabad'),(200,'Ishit','Maharashtra','Pune'),(201,'Aryan','Madhya Pradesh','Bhopal'),(202,'Yash','Maharashtra','Mumbai'),(203,'Shivanshu','Madhya Pradesh','Indore'),(204,'Sudheer','Karnataka','Bangalore'),(205,'Ankit','Maharashtra','Mumbai'),(206,'Dhanraj','Madhya Pradesh','Indore'),(207,'Vipul','Uttar Pradesh','Lucknow'),(208,'Apsingekar','Bihar','Patna'),(209,'Suman','Kerala ','Thiruvananthapuram'),(210,'Nripraj','Punjab','Chandigarh'),(211,'Utsav','Maharashtra','Mumbai'),(212,'Kshitij','Madhya Pradesh','Indore'),(213,'Hrisheekesh','Maharashtra','Mumbai'),(214,'Swapnil','Madhya Pradesh','Indore'),(215,'Harsh','Nagaland','Kohima'),(216,'Mane','Andhra Pradesh','Hyderabad'),(217,'Praneet','Maharashtra','Mumbai'),(218,'Sandeep','Madhya Pradesh','Indore'),(219,'Ankur','Madhya Pradesh','Bhopal'),(220,'Dheeraj','Rajasthan','Jaipur'),(221,'Ajay','West Bengal','Kolkata'),(222,'Tejas','Karnataka','Bangalore'),(223,'Rohan','Maharashtra','Mumbai'),(224,'Shyam','Madhya Pradesh','Indore'),(225,'Kartik','Madhya Pradesh','Indore'),(226,'Tanushree','Maharashtra','Mumbai'),(228,'Nikita','Punjab','Chandigarh'),(229,'Apoorva','Haryana','Chandigarh'),(230,'Aastha','Himachal Pradesh','Simla'),(231,'Mahima','Sikkim','Gangtok'),(232,'Harshita','Maharashtra','Mumbai'),(233,'Krishna','Madhya Pradesh','Indore'),(234,'Ananya','Andhra Pradesh','Hyderabad'),(235,'Moumita','Gujarat','Ahmedabad'),(236,'Arti','Maharashtra','Pune'),(237,'Palak','Maharashtra','Mumbai'),(238,'Sanjana','Madhya Pradesh','Indore'),(239,'Pranjali','West Bengal','Kolkata'),(240,'Sneha','Karnataka','Bangalore'),(241,'Ashvini','Maharashtra','Mumbai'),(243,'Mrunal','Maharashtra','Mumbai'),(244,'Swati','Madhya Pradesh','Indore'),(245,'Snel','Kerala ','Thiruvananthapuram'),(246,'Soodesh','Punjab','Chandigarh'),(247,'Aniket','Haryana','Chandigarh'),(248,'Rohan','Himachal Pradesh','Simla'),(249,'K','Sikkim','Gangtok'),(250,'Abhishek','Goa','Goa'),(251,'Kushal','Nagaland','Kohima'),(252,'Soumyabrata','Andhra Pradesh','Hyderabad'),(253,'Gaurav','Gujarat','Ahmedabad'),(254,'Shubham','Maharashtra','Pune'),(255,'Abhijeet','Madhya Pradesh','Bhopal'),(256,'Abhijeet','Maharashtra','Mumbai'),(257,'Anand','Madhya Pradesh','Indore'),(258,'Swapnil','Maharashtra','Mumbai'),(259,'Chikku','Madhya Pradesh','Indore'),(260,'Akshay','Tamil Nadu','Chennai'),(261,'Aayush','Uttar Pradesh','Lucknow'),(262,'Amol','Bihar','Patna'),(263,'Manibalan','Kerala ','Thiruvananthapuram'),(264,'Aromal','Maharashtra','Mumbai'),(265,'Arun','Madhya Pradesh','Indore'),(266,'Komal','Himachal Pradesh','Simla'),(267,'Ankit','Sikkim','Gangtok'),(268,'Vikash','Goa','Goa'),(269,'Parakh','Nagaland','Kohima'),(270,'Pranav','Andhra Pradesh','Hyderabad'),(271,'Gunjal','Gujarat','Surat'),(272,'Saurabh','Maharashtra','Mumbai'),(273,'Divyeta','Madhya Pradesh','Indore'),(274,'Megha','Rajasthan','Udaipur'),(275,'Divyeshkumar','Uttar Pradesh','Allahabad'),(276,'Bhosale','Punjab','Amritsar'),(277,'Dashyam','Gujarat','Surat'),(278,'Mrinal','Maharashtra','Mumbai'),(280,'Apoorv','Rajasthan','Udaipur'),(281,'Pooja','Uttar Pradesh','Allahabad'),(282,'Masurkar','Punjab','Amritsar'),(283,'Saptadeep','Gujarat','Surat'),(284,'Sumeet','Maharashtra','Mumbai'),(285,'Shatayu','Madhya Pradesh','Indore'),(286,'Brijesh','Rajasthan','Udaipur'),(287,'Vedant','Uttar Pradesh','Allahabad'),(288,'Rohan','Punjab','Amritsar'),(289,'Abhishek','Gujarat','Surat'),(290,'Divyansha','Maharashtra','Mumbai'),(291,'Shivani','Madhya Pradesh','Indore'),(292,'Aditi','Rajasthan','Udaipur'),(293,'Aashna','Uttar Pradesh','Allahabad'),(294,'Monu','Punjab','Amritsar'),(295,'Sathya','Gujarat','Surat'),(296,'Aman','Maharashtra','Mumbai'),(297,'Rohan','Madhya Pradesh','Indore'),(298,'Abhishek','Rajasthan','Udaipur'),(299,'Aishwarya','Uttar Pradesh','Allahabad'),(300,'Anand','Punjab','Amritsar'),(301,'Suraj','Gujarat','Surat'),(302,'Ishpreet','Maharashtra','Mumbai'),(303,'Amlan','Madhya Pradesh','Indore'),(304,'Swapnil','Delhi','Delhi'),(305,'Bhargav','Madhya Pradesh','Delhi'),(306,'Abhijit','Delhi','Delhi'),(307,'Jaydeep','Madhya Pradesh','Bhopal'),(308,'Pradeep','Delhi','Delhi'),(309,'Sujay','Madhya Pradesh','Delhi'),(310,'Jay','Delhi','Delhi'),(311,'Phalguni','Madhya Pradesh','Bhopal'),(312,'Preksha','Delhi','Delhi'),(313,'Geetanjali','Madhya Pradesh','Delhi'),(314,'Kajal','Delhi','Delhi'),(315,'Sukruta','Punjab','Amritsar'),(316,'Utkarsh','Gujarat','Surat'),(317,'Sanjay','Maharashtra','Mumbai'),(318,'Karandeep','Madhya Pradesh','Indore'),(319,'Neha','Rajasthan','Udaipur'),(320,'Jayanti','Uttar Pradesh','Allahabad'),(321,'Sandra','Punjab','Amritsar'),(322,'Akshata','Gujarat','Surat'),(323,'Vishakha','Maharashtra','Mumbai'),(324,'Prajakta','Karnataka','Bangalore'),(325,'Shruti','Maharashtra','Mumbai'),(326,'Dipali','Madhya Pradesh','Indore'),(327,'Shreya','Uttar Pradesh','Lucknow'),(328,'Smriti','Bihar','Patna'),(329,'Girase','Kerala ','Thiruvananthapuram'),(330,'Monica','Punjab','Chandigarh'),(331,'Sidharth','Maharashtra','Mumbai'),(332,'Bhutekar','Madhya Pradesh','Indore'),(333,'Shikhar','Maharashtra','Mumbai'),(334,'Rahul','Madhya Pradesh','Indore'),(335,'Sudhir','Nagaland','Kohima'),(336,'Nikhil','Punjab','Chandigarh'),(337,'Ankit','Haryana','Chandigarh'),(338,'Shikhar','Himachal Pradesh','Simla'),(339,'Vineet','Sikkim','Gangtok'),(340,'Vivek','Goa','Goa'),(341,'Jaideep','Nagaland','Kohima'),(342,'Ankur','Andhra Pradesh','Hyderabad'),(343,'Shardul','Gujarat','Ahmedabad'),(344,'Syed','Maharashtra','Pune'),(345,'Mhatre','Madhya Pradesh','Indore'),(346,'Saurabh','Andhra Pradesh','Hyderabad'),(347,'Chetan','Gujarat','Ahmedabad'),(348,'Mukund','Maharashtra','Pune'),(349,'Shantanu','Maharashtra','Mumbai'),(350,'Shruti','Madhya Pradesh','Indore'),(351,'Jesal','West Bengal','Kolkata'),(352,'Priyanka','Madhya Pradesh','Indore'),(353,'Krutika','Andhra Pradesh','Hyderabad'),(354,'Trupti','Gujarat','Ahmedabad'),(355,'Soumya','Maharashtra','Pune'),(356,'Shreya','Maharashtra','Mumbai'),(357,'Mahima','Madhya Pradesh','Indore'),(358,'Aparajita','West Bengal','Kolkata'),(359,'Muskan','Madhya Pradesh','Indore'),(360,'Shreya','Andhra Pradesh','Hyderabad'),(361,'Surbhi','Gujarat','Ahmedabad'),(362,'Tejeswini','Maharashtra','Pune'),(363,'Pratiksha','Maharashtra','Mumbai'),(364,'Oshin','Madhya Pradesh','Indore'),(365,'Saloni','West Bengal','Kolkata'),(366,'Soumya','Rajasthan','Udaipur'),(367,'Komal','Uttar Pradesh','Allahabad'),(368,'Paromita','Punjab','Amritsar'),(369,'Shreyshi','Gujarat','Surat'),(370,'Rhea','Maharashtra','Mumbai'),(371,'Mitali','Madhya Pradesh','Indore'),(372,'Jesslyn','Rajasthan','Udaipur'),(373,'Seema','Uttar Pradesh','Allahabad'),(374,'Manisha','Rajasthan','Udaipur'),(375,'Priyanka','Uttar Pradesh','Allahabad'),(376,'Piyam','Punjab','Amritsar'),(377,'Aayushi','Gujarat','Surat'),(378,'Parin','Maharashtra','Mumbai'),(380,'Shweta','Rajasthan','Udaipur'),(381,'Amruta','Delhi','Delhi'),(382,'Hemangi','Delhi','Delhi'),(383,'Atul','Delhi','Delhi'),(385,'Ginny','Madhya Pradesh','Indore'),(387,'Manjiri','Delhi','Delhi'),(388,'Nirja','Delhi','Delhi'),(389,'Anjali','Delhi','Delhi'),(390,'Mugdha','Delhi','Delhi'),(391,'Mansi','Madhya Pradesh','Indore'),(392,'Gaurav','Rajasthan','Udaipur'),(393,'Harshal','Delhi','Delhi'),(394,'Omkar','Delhi','Delhi'),(395,'Yohann','Delhi','Delhi'),(396,'Prashant','Delhi','Delhi'),(397,'Yogesh','Madhya Pradesh','Indore'),(398,'Anmol','Rajasthan','Udaipur'),(399,'Diwakar','Delhi','Delhi'),(400,'Shubham','Delhi','Delhi'),(401,'Patil','Delhi','Delhi'),(402,'Harsh','Delhi','Delhi'),(403,'Hitesh','Madhya Pradesh','Bhopal'),(404,'Nandita','Rajasthan','Jaipur'),(405,'Parnavi','West Bengal','Kolkata'),(406,'Arpita','Karnataka','Bangalore'),(407,'Shubham','Jammu and Kashmir','Kashmir'),(408,'Kalyani','Tamil Nadu','Chennai'),(409,'Komal','Uttar Pradesh','Lucknow'),(410,'Kartikay','Bihar','Patna'),(464,'Ankita','Maharashtra','Mumbai');
/*!40000 ALTER TABLE `users` ENABLE KEYS */;
UNLOCK TABLES;
/*!40103 SET TIME_ZONE=@OLD_TIME_ZONE */;

/*!40101 SET SQL_MODE=@OLD_SQL_MODE */;
/*!40014 SET FOREIGN_KEY_CHECKS=@OLD_FOREIGN_KEY_CHECKS */;
/*!40014 SET UNIQUE_CHECKS=@OLD_UNIQUE_CHECKS */;
/*!40101 SET CHARACTER_SET_CLIENT=@OLD_CHARACTER_SET_CLIENT */;
/*!40101 SET CHARACTER_SET_RESULTS=@OLD_CHARACTER_SET_RESULTS */;
/*!40101 SET COLLATION_CONNECTION=@OLD_COLLATION_CONNECTION */;
/*!40111 SET SQL_NOTES=@OLD_SQL_NOTES */;

-- Dump completed on 2023-07-21 17:59:01
